{"root":[{"name":"Assembly-CSharp","path":"D:\\Unity\\Projets\\Tank_IA_Top1\\Tank_IA_Top1\\Library\\PlayerScriptAssemblies\\Assembly-CSharp.dll","types":[{"className":"CameraControl","fieldInfos":[{"name":"m_DampTime","type":"System.Single","flags":{"value__":0},"fixedBufferLength":0,"fixedBufferTypename":null},{"name":"m_ScreenEdgeBuffer","type":"System.Single","flags":{"value__":0},"fixedBufferLength":0,"fixedBufferTypename":null},{"name":"m_MinSize","type":"System.Single","flags":{"value__":0},"fixedBufferLength":0,"fixedBufferTypename":null},{"name":"m_Targets","type":"UnityEngine.Transform[]","flags":{"value__":0},"fixedBufferLength":0,"fixedBufferTypename":null}]},{"className":"GameManager","fieldInfos":[{"name":"m_NumRoundsToWin","type":"System.Int32","flags":{"value__":0},"fixedBufferLength":0,"fixedBufferTypename":null},{"name":"m_StartDelay","type":"System.Single","flags":{"value__":0},"fixedBufferLength":0,"fixedBufferTypename":null},{"name":"m_EndDelay","type":"System.Single","flags":{"value__":0},"fixedBufferLength":0,"fixedBufferTypename":null},{"name":"m_CameraControl","type":"CameraControl","flags":{"value__":0},"fixedBufferLength":0,"fixedBufferTypename":null},{"name":"m_MessageText","type":"UnityEngine.UI.Text","flags":{"value__":0},"fixedBufferLength":0,"fixedBufferTypename":null},{"name":"m_TankPrefab","type":"UnityEngine.GameObject","flags":{"value__":0},"fixedBufferLength":0,"fixedBufferTypename":null},{"name":"m_Tanks","type":"TankManager[]","flags":{"value__":0},"fixedBufferLength":0,"fixedBufferTypename":null}]},{"className":"TankManager","fieldInfos":[{"name":"m_PlayerColor","type":"UnityEngine.Color","flags":{"value__":0},"fixedBufferLength":0,"fixedBufferTypename":null},{"name":"m_SpawnPoint","type":"UnityEngine.Transform","flags":{"value__":0},"fixedBufferLength":0,"fixedBufferTypename":null},{"name":"m_PlayerNumber","type":"System.Int32","flags":{"value__":0},"fixedBufferLength":0,"fixedBufferTypename":null},{"name":"m_ColoredPlayerText","type":"System.String","flags":{"value__":0},"fixedBufferLength":0,"fixedBufferTypename":null},{"name":"m_Instance","type":"UnityEngine.GameObject","flags":{"value__":0},"fixedBufferLength":0,"fixedBufferTypename":null},{"name":"m_Wins","type":"System.Int32","flags":{"value__":0},"fixedBufferLength":0,"fixedBufferTypename":null}]},{"className":"Grid","fieldInfos":[{"name":"nonWalkableMask","type":"UnityEngine.LayerMask","flags":{"value__":0},"fixedBufferLength":0,"fixedBufferTypename":null},{"name":"gridWorldSize","type":"UnityEngine.Vector2","flags":{"value__":0},"fixedBufferLength":0,"fixedBufferTypename":null},{"name":"nodeRadius","type":"System.Single","flags":{"value__":0},"fixedBufferLength":0,"fixedBufferTypename":null},{"name":"gridSizeX","type":"System.Int32","flags":{"value__":0},"fixedBufferLength":0,"fixedBufferTypename":null},{"name":"gridSizeY","type":"System.Int32","flags":{"value__":0},"fixedBufferLength":0,"fixedBufferTypename":null}]},{"className":"Pathfinding","fieldInfos":[{"name":"seeker","type":"UnityEngine.Transform","flags":{"value__":0},"fixedBufferLength":0,"fixedBufferTypename":null},{"name":"target","type":"UnityEngine.Transform","flags":{"value__":0},"fixedBufferLength":0,"fixedBufferTypename":null},{"name":"pathScriptable","type":"PathMovement","flags":{"value__":0},"fixedBufferLength":0,"fixedBufferTypename":null}]},{"className":"BTController","fieldInfos":[{"name":"behaviorTree","type":"BehaviorTree","flags":{"value__":0},"fixedBufferLength":0,"fixedBufferTypename":null},{"name":"blackboard","type":"BTBlackboard","flags":{"value__":0},"fixedBufferLength":0,"fixedBufferTypename":null}]},{"className":"BTTaskGetDistanceToHelipad","fieldInfos":[]},{"className":"BTTask","fieldInfos":[]},{"className":"BTNode","fieldInfos":[{"name":"controller","type":"BTController","flags":{"value__":0},"fixedBufferLength":0,"fixedBufferTypename":null}]},{"className":"BehaviorTree","fieldInfos":[{"name":"controller","type":"BTController","flags":{"value__":0},"fixedBufferLength":0,"fixedBufferTypename":null},{"name":"startNode","type":"BTNode","flags":{"value__":0},"fixedBufferLength":0,"fixedBufferTypename":null}]},{"className":"BTBlackBoard_Switcher","fieldInfos":[]},{"className":"BTBlackboard","fieldInfos":[]},{"className":"BTBlackboard_Slayer","fieldInfos":[]},{"className":"BTBlackoardRushZone","fieldInfos":[]},{"className":"BTDHasFamily","fieldInfos":[]},{"className":"BTDecorator","fieldInfos":[{"name":"childNode","type":"BTNode","flags":{"value__":0},"fixedBufferLength":0,"fixedBufferTypename":null}]},{"className":"BTDIsTooFarFromHelipad","fieldInfos":[]},{"className":"BTDTargetEnemy","fieldInfos":[]},{"className":"BTDEvaluateShootingDistance","fieldInfos":[]},{"className":"BTCompositeNode","fieldInfos":[{"name":"childrenNodes","type":"BTNode[]","flags":{"value__":0},"fixedBufferLength":0,"fixedBufferTypename":null}]},{"className":"BTParallel","fieldInfos":[]},{"className":"BTSelector","fieldInfos":[]},{"className":"BTSequence","fieldInfos":[]},{"className":"BTTMoveToEnemyTarget","fieldInfos":[]},{"className":"BTTaskAvoidShells","fieldInfos":[{"name":"shellLayerMask","type":"UnityEngine.LayerMask","flags":{"value__":0},"fixedBufferLength":0,"fixedBufferTypename":null}]},{"className":"BTTaskEnableShooting","fieldInfos":[]},{"className":"BTTaskFindFamily","fieldInfos":[]},{"className":"BTTaskGoToHelipad","fieldInfos":[]},{"className":"BTTaskPatrol","fieldInfos":[]},{"className":"BTTaskSetDestinationToTargetPosition","fieldInfos":[]},{"className":"BTTaskSetTarget","fieldInfos":[]},{"className":"BTTaskStartShooting","fieldInfos":[]},{"className":"GameEvent","fieldInfos":[{"name":"_listeners","type":"System.Collections.Generic.List`1[GameEventListener]","flags":{"value__":0},"fixedBufferLength":0,"fixedBufferTypename":null}]},{"className":"GameEventListener","fieldInfos":[{"name":"_event","type":"GameEvent","flags":{"value__":0},"fixedBufferLength":0,"fixedBufferTypename":null},{"name":"_onEventRaised","type":"UnityEngine.Events.UnityEvent","flags":{"value__":0},"fixedBufferLength":0,"fixedBufferTypename":null}]},{"className":"ObjectEvent","fieldInfos":[{"name":"_listeners","type":"System.Collections.Generic.List`1[ObjectEventListener]","flags":{"value__":0},"fixedBufferLength":0,"fixedBufferTypename":null}]},{"className":"ObjectEventListener","fieldInfos":[{"name":"_event","type":"ObjectEvent","flags":{"value__":0},"fixedBufferLength":0,"fixedBufferTypename":null},{"name":"_onEventRaised","type":"UnityEngine.Events.UnityEvent`1[UnityEngine.GameObject]","flags":{"value__":0},"fixedBufferLength":0,"fixedBufferTypename":null}]},{"className":"AStarMovement","fieldInfos":[]},{"className":"PathMovement","fieldInfos":[{"name":"movementType","type":"Enums+ControlType","flags":{"value__":0},"fixedBufferLength":0,"fixedBufferTypename":null}]},{"className":"DijkstraMovement","fieldInfos":[]},{"className":"NavMeshMovement","fieldInfos":[]},{"className":"StateMachine","fieldInfos":[{"name":"_states","type":"State[]","flags":{"value__":0},"fixedBufferLength":0,"fixedBufferTypename":null},{"name":"_activeState","type":"State","flags":{"value__":0},"fixedBufferLength":0,"fixedBufferTypename":null}]},{"className":"StateMachineController","fieldInfos":[{"name":"_stateMachine","type":"StateMachine","flags":{"value__":0},"fixedBufferLength":0,"fixedBufferTypename":null}]},{"className":"State","fieldInfos":[{"name":"_updateTasks","type":"SMTask[]","flags":{"value__":0},"fixedBufferLength":0,"fixedBufferTypename":null},{"name":"_enterTasks","type":"SMTask[]","flags":{"value__":0},"fixedBufferLength":0,"fixedBufferTypename":null},{"name":"_exitTasks","type":"SMTask[]","flags":{"value__":0},"fixedBufferLength":0,"fixedBufferTypename":null},{"name":"_transitions","type":"Transition[]","flags":{"value__":0},"fixedBufferLength":0,"fixedBufferTypename":null}]},{"className":"SMCapture","fieldInfos":[{"name":"captureSpeed","type":"System.Single","flags":{"value__":0},"fixedBufferLength":0,"fixedBufferTypename":null}]},{"className":"SMTask","fieldInfos":[]},{"className":"SMEarnPoint","fieldInfos":[{"name":"pointsRate","type":"System.Int32","flags":{"value__":0},"fixedBufferLength":0,"fixedBufferTypename":null}]},{"className":"SMEmptyTask","fieldInfos":[]},{"className":"SMResetCurrentTeam","fieldInfos":[]},{"className":"SMTask1","fieldInfos":[]},{"className":"SMTask2","fieldInfos":[]},{"className":"SMUncapture","fieldInfos":[{"name":"captureSpeed","type":"System.Single","flags":{"value__":0},"fixedBufferLength":0,"fixedBufferTypename":null}]},{"className":"Transition","fieldInfos":[{"name":"targetState","type":"State","flags":{"value__":0},"fixedBufferLength":0,"fixedBufferTypename":null}]},{"className":"Transition1","fieldInfos":[{"name":"_inputThreshold","type":"System.Single","flags":{"value__":0},"fixedBufferLength":0,"fixedBufferTypename":null}]},{"className":"Transition2","fieldInfos":[]},{"className":"TransitionCapturedToNotCaptured","fieldInfos":[]},{"className":"TransitionCapturingToConflict","fieldInfos":[]},{"className":"TransitionCapturingToUncapturing","fieldInfos":[]},{"className":"TransitionConflictToCapturing","fieldInfos":[]},{"className":"TransitionConflictToUncapturing","fieldInfos":[]},{"className":"TransitionIdleToCapturing","fieldInfos":[]},{"className":"TransitionNotCapturedToCaptured","fieldInfos":[]},{"className":"TransitionUncapturingToCapturing","fieldInfos":[]},{"className":"TransitionUncapturingToConflict","fieldInfos":[]},{"className":"TransitionUncapturingToIdle","fieldInfos":[]},{"className":"ShellExplosion","fieldInfos":[{"name":"m_TankMask","type":"UnityEngine.LayerMask","flags":{"value__":0},"fixedBufferLength":0,"fixedBufferTypename":null},{"name":"m_ExplosionParticles","type":"UnityEngine.ParticleSystem","flags":{"value__":0},"fixedBufferLength":0,"fixedBufferTypename":null},{"name":"m_ExplosionAudio","type":"UnityEngine.AudioSource","flags":{"value__":0},"fixedBufferLength":0,"fixedBufferTypename":null},{"name":"m_MaxDamage","type":"System.Single","flags":{"value__":0},"fixedBufferLength":0,"fixedBufferTypename":null},{"name":"m_ExplosionForce","type":"System.Single","flags":{"value__":0},"fixedBufferLength":0,"fixedBufferTypename":null},{"name":"m_MaxLifeTime","type":"System.Single","flags":{"value__":0},"fixedBufferLength":0,"fixedBufferTypename":null},{"name":"m_ExplosionRadius","type":"System.Single","flags":{"value__":0},"fixedBufferLength":0,"fixedBufferTypename":null}]},{"className":"UIDirectionControl","fieldInfos":[{"name":"m_UseRelativeRotation","type":"System.Boolean","flags":{"value__":0},"fixedBufferLength":0,"fixedBufferTypename":null}]},{"className":"Readme","fieldInfos":[{"name":"icon","type":"UnityEngine.Texture2D","flags":{"value__":0},"fixedBufferLength":0,"fixedBufferTypename":null},{"name":"title","type":"System.String","flags":{"value__":0},"fixedBufferLength":0,"fixedBufferTypename":null},{"name":"sections","type":"Readme+Section[]","flags":{"value__":0},"fixedBufferLength":0,"fixedBufferTypename":null},{"name":"loadedLayout","type":"System.Boolean","flags":{"value__":0},"fixedBufferLength":0,"fixedBufferTypename":null}]},{"className":"Readme+Section","fieldInfos":[{"name":"heading","type":"System.String","flags":{"value__":0},"fixedBufferLength":0,"fixedBufferTypename":null},{"name":"text","type":"System.String","flags":{"value__":0},"fixedBufferLength":0,"fixedBufferTypename":null},{"name":"linkText","type":"System.String","flags":{"value__":0},"fixedBufferLength":0,"fixedBufferTypename":null},{"name":"url","type":"System.String","flags":{"value__":0},"fixedBufferLength":0,"fixedBufferTypename":null}]},{"className":"PointZoneManager","fieldInfos":[{"name":"tanks","type":"System.Collections.Generic.List`1[Complete.TankMovement]","flags":{"value__":0},"fixedBufferLength":0,"fixedBufferTypename":null},{"name":"captureSlider","type":"UnityEngine.UI.Slider","flags":{"value__":0},"fixedBufferLength":0,"fixedBufferTypename":null},{"name":"captureSliderImage","type":"UnityEngine.UI.Image","flags":{"value__":0},"fixedBufferLength":0,"fixedBufferTypename":null},{"name":"captureLevel","type":"System.Single","flags":{"value__":0},"fixedBufferLength":0,"fixedBufferTypename":null},{"name":"currentTeam","type":"Team","flags":{"value__":0},"fixedBufferLength":0,"fixedBufferTypename":null},{"name":"newTeam","type":"Team","flags":{"value__":0},"fixedBufferLength":0,"fixedBufferTypename":null}]},{"className":"Team","fieldInfos":[{"name":"teamName","type":"System.String","flags":{"value__":0},"fixedBufferLength":0,"fixedBufferTypename":null},{"name":"teamColor","type":"UnityEngine.Color","flags":{"value__":0},"fixedBufferLength":0,"fixedBufferTypename":null},{"name":"points","type":"System.Single","flags":{"value__":0},"fixedBufferLength":0,"fixedBufferTypename":null},{"name":"teamNameTextUI","type":"UnityEngine.UI.Text","flags":{"value__":0},"fixedBufferLength":0,"fixedBufferTypename":null},{"name":"teamPointsTextUI","type":"UnityEngine.UI.Text","flags":{"value__":0},"fixedBufferLength":0,"fixedBufferTypename":null},{"name":"Tanks","type":"Complete.TankManager[]","flags":{"value__":0},"fixedBufferLength":0,"fixedBufferTypename":null}]},{"className":"Complete.CameraControl","fieldInfos":[{"name":"m_DampTime","type":"System.Single","flags":{"value__":0},"fixedBufferLength":0,"fixedBufferTypename":null},{"name":"m_ScreenEdgeBuffer","type":"System.Single","flags":{"value__":0},"fixedBufferLength":0,"fixedBufferTypename":null},{"name":"m_MinSize","type":"System.Single","flags":{"value__":0},"fixedBufferLength":0,"fixedBufferTypename":null},{"name":"m_Targets","type":"UnityEngine.Transform[]","flags":{"value__":0},"fixedBufferLength":0,"fixedBufferTypename":null}]},{"className":"Complete.GameManager","fieldInfos":[{"name":"m_NumRoundsToWin","type":"System.Int32","flags":{"value__":0},"fixedBufferLength":0,"fixedBufferTypename":null},{"name":"m_StartDelay","type":"System.Single","flags":{"value__":0},"fixedBufferLength":0,"fixedBufferTypename":null},{"name":"m_EndDelay","type":"System.Single","flags":{"value__":0},"fixedBufferLength":0,"fixedBufferTypename":null},{"name":"m_CameraControl","type":"Complete.CameraControl","flags":{"value__":0},"fixedBufferLength":0,"fixedBufferTypename":null},{"name":"m_MessageText","type":"UnityEngine.UI.Text","flags":{"value__":0},"fixedBufferLength":0,"fixedBufferTypename":null},{"name":"m_TankPrefab","type":"UnityEngine.GameObject","flags":{"value__":0},"fixedBufferLength":0,"fixedBufferTypename":null},{"name":"playerTankPrefab","type":"UnityEngine.GameObject","flags":{"value__":0},"fixedBufferLength":0,"fixedBufferTypename":null},{"name":"team1","type":"Team","flags":{"value__":0},"fixedBufferLength":0,"fixedBufferTypename":null},{"name":"team2","type":"Team","flags":{"value__":0},"fixedBufferLength":0,"fixedBufferTypename":null},{"name":"gridManager","type":"Grid","flags":{"value__":0},"fixedBufferLength":0,"fixedBufferTypename":null},{"name":"timeRemaining","type":"System.Single","flags":{"value__":0},"fixedBufferLength":0,"fixedBufferTypename":null},{"name":"allTanks","type":"Complete.TankManager[]","flags":{"value__":0},"fixedBufferLength":0,"fixedBufferTypename":null},{"name":"timerText","type":"UnityEngine.UI.Text","flags":{"value__":0},"fixedBufferLength":0,"fixedBufferTypename":null},{"name":"menuUI","type":"UnityEngine.GameObject","flags":{"value__":0},"fixedBufferLength":0,"fixedBufferTypename":null},{"name":"gameUI","type":"UnityEngine.GameObject","flags":{"value__":0},"fixedBufferLength":0,"fixedBufferTypename":null},{"name":"endGameUI","type":"UnityEngine.GameObject","flags":{"value__":0},"fixedBufferLength":0,"fixedBufferTypename":null},{"name":"winnerText","type":"UnityEngine.UI.Text","flags":{"value__":0},"fixedBufferLength":0,"fixedBufferTypename":null},{"name":"respawnDelay","type":"System.Int32","flags":{"value__":0},"fixedBufferLength":0,"fixedBufferTypename":null},{"name":"totalTimeForGame","type":"System.Single","flags":{"value__":0},"fixedBufferLength":0,"fixedBufferTypename":null},{"name":"gameEndedEvent","type":"GameEvent","flags":{"value__":0},"fixedBufferLength":0,"fixedBufferTypename":null}]},{"className":"Complete.TankManager","fieldInfos":[{"name":"m_SpawnPoint","type":"UnityEngine.Transform","flags":{"value__":0},"fixedBufferLength":0,"fixedBufferTypename":null},{"name":"behaviorTree","type":"BehaviorTree","flags":{"value__":0},"fixedBufferLength":0,"fixedBufferTypename":null},{"name":"blackBoard","type":"BTBlackboard","flags":{"value__":0},"fixedBufferLength":0,"fixedBufferTypename":null},{"name":"m_PlayerNumber","type":"System.Int32","flags":{"value__":0},"fixedBufferLength":0,"fixedBufferTypename":null},{"name":"m_ColoredPlayerText","type":"System.String","flags":{"value__":0},"fixedBufferLength":0,"fixedBufferTypename":null},{"name":"m_Instance","type":"UnityEngine.GameObject","flags":{"value__":0},"fixedBufferLength":0,"fixedBufferTypename":null},{"name":"m_Wins","type":"System.Int32","flags":{"value__":0},"fixedBufferLength":0,"fixedBufferTypename":null}]},{"className":"Complete.ShellExplosion","fieldInfos":[{"name":"m_TankMask","type":"UnityEngine.LayerMask","flags":{"value__":0},"fixedBufferLength":0,"fixedBufferTypename":null},{"name":"m_ExplosionParticles","type":"UnityEngine.ParticleSystem","flags":{"value__":0},"fixedBufferLength":0,"fixedBufferTypename":null},{"name":"m_ExplosionAudio","type":"UnityEngine.AudioSource","flags":{"value__":0},"fixedBufferLength":0,"fixedBufferTypename":null},{"name":"m_MaxDamage","type":"System.Single","flags":{"value__":0},"fixedBufferLength":0,"fixedBufferTypename":null},{"name":"m_ExplosionForce","type":"System.Single","flags":{"value__":0},"fixedBufferLength":0,"fixedBufferTypename":null},{"name":"m_MaxLifeTime","type":"System.Single","flags":{"value__":0},"fixedBufferLength":0,"fixedBufferTypename":null},{"name":"m_ExplosionRadius","type":"System.Single","flags":{"value__":0},"fixedBufferLength":0,"fixedBufferTypename":null}]},{"className":"Complete.TankHealth","fieldInfos":[{"name":"m_StartingHealth","type":"System.Single","flags":{"value__":0},"fixedBufferLength":0,"fixedBufferTypename":null},{"name":"m_Slider","type":"UnityEngine.UI.Slider","flags":{"value__":0},"fixedBufferLength":0,"fixedBufferTypename":null},{"name":"m_FillImage","type":"UnityEngine.UI.Image","flags":{"value__":0},"fixedBufferLength":0,"fixedBufferTypename":null},{"name":"m_FullHealthColor","type":"UnityEngine.Color","flags":{"value__":0},"fixedBufferLength":0,"fixedBufferTypename":null},{"name":"m_ZeroHealthColor","type":"UnityEngine.Color","flags":{"value__":0},"fixedBufferLength":0,"fixedBufferTypename":null},{"name":"m_ExplosionPrefab","type":"UnityEngine.GameObject","flags":{"value__":0},"fixedBufferLength":0,"fixedBufferTypename":null},{"name":"manager","type":"Complete.TankManager","flags":{"value__":0},"fixedBufferLength":0,"fixedBufferTypename":null}]},{"className":"Complete.TankMovement","fieldInfos":[{"name":"m_PlayerNumber","type":"System.Int32","flags":{"value__":0},"fixedBufferLength":0,"fixedBufferTypename":null},{"name":"m_Speed","type":"System.Single","flags":{"value__":0},"fixedBufferLength":0,"fixedBufferTypename":null},{"name":"m_TurnSpeed","type":"System.Single","flags":{"value__":0},"fixedBufferLength":0,"fixedBufferTypename":null},{"name":"m_MovementAudio","type":"UnityEngine.AudioSource","flags":{"value__":0},"fixedBufferLength":0,"fixedBufferTypename":null},{"name":"m_EngineIdling","type":"UnityEngine.AudioClip","flags":{"value__":0},"fixedBufferLength":0,"fixedBufferTypename":null},{"name":"m_EngineDriving","type":"UnityEngine.AudioClip","flags":{"value__":0},"fixedBufferLength":0,"fixedBufferTypename":null},{"name":"m_PitchRange","type":"System.Single","flags":{"value__":0},"fixedBufferLength":0,"fixedBufferTypename":null},{"name":"tankTeam","type":"Team","flags":{"value__":0},"fixedBufferLength":0,"fixedBufferTypename":null},{"name":"m_NavMeshAgent","type":"UnityEngine.AI.NavMeshAgent","flags":{"value__":0},"fixedBufferLength":0,"fixedBufferTypename":null},{"name":"m_MovementInputValue","type":"System.Single","flags":{"value__":0},"fixedBufferLength":0,"fixedBufferTypename":null},{"name":"m_TurnInputValue","type":"System.Single","flags":{"value__":0},"fixedBufferLength":0,"fixedBufferTypename":null},{"name":"currentControlType","type":"Enums+ControlType","flags":{"value__":0},"fixedBufferLength":0,"fixedBufferTypename":null},{"name":"rotationErrorMargin","type":"System.Single","flags":{"value__":0},"fixedBufferLength":0,"fixedBufferTypename":null},{"name":"collisionDistance","type":"System.Single","flags":{"value__":0},"fixedBufferLength":0,"fixedBufferTypename":null},{"name":"pathMovements","type":"System.Collections.Generic.List`1[PathMovement]","flags":{"value__":0},"fixedBufferLength":0,"fixedBufferTypename":null}]},{"className":"Complete.TankShooting","fieldInfos":[{"name":"m_PlayerNumber","type":"System.Int32","flags":{"value__":0},"fixedBufferLength":0,"fixedBufferTypename":null},{"name":"m_Shell","type":"UnityEngine.Rigidbody","flags":{"value__":0},"fixedBufferLength":0,"fixedBufferTypename":null},{"name":"m_FireTransform","type":"UnityEngine.Transform","flags":{"value__":0},"fixedBufferLength":0,"fixedBufferTypename":null},{"name":"m_ShootingAudio","type":"UnityEngine.AudioSource","flags":{"value__":0},"fixedBufferLength":0,"fixedBufferTypename":null},{"name":"m_FireClip","type":"UnityEngine.AudioClip","flags":{"value__":0},"fixedBufferLength":0,"fixedBufferTypename":null},{"name":"m_LaunchForce","type":"System.Single","flags":{"value__":0},"fixedBufferLength":0,"fixedBufferTypename":null},{"name":"m_ShootCooldown","type":"System.Single","flags":{"value__":0},"fixedBufferLength":0,"fixedBufferTypename":null},{"name":"currentControlType","type":"Enums+ControlType","flags":{"value__":0},"fixedBufferLength":0,"fixedBufferTypename":null},{"name":"m_Fired","type":"System.Boolean","flags":{"value__":0},"fixedBufferLength":0,"fixedBufferTypename":null}]},{"className":"Complete.UIDirectionControl","fieldInfos":[{"name":"m_UseRelativeRotation","type":"System.Boolean","flags":{"value__":0},"fixedBufferLength":0,"fixedBufferTypename":null}]},{"className":"UnityTemplateProjects.SimpleCameraController","fieldInfos":[{"name":"boost","type":"System.Single","flags":{"value__":0},"fixedBufferLength":0,"fixedBufferTypename":null},{"name":"positionLerpTime","type":"System.Single","flags":{"value__":0},"fixedBufferLength":0,"fixedBufferTypename":null},{"name":"mouseSensitivity","type":"System.Single","flags":{"value__":0},"fixedBufferLength":0,"fixedBufferTypename":null},{"name":"mouseSensitivityCurve","type":"UnityEngine.AnimationCurve","flags":{"value__":0},"fixedBufferLength":0,"fixedBufferTypename":null},{"name":"rotationLerpTime","type":"System.Single","flags":{"value__":0},"fixedBufferLength":0,"fixedBufferTypename":null},{"name":"invertY","type":"System.Boolean","flags":{"value__":0},"fixedBufferLength":0,"fixedBufferTypename":null}]}]},{"name":"UnityEngine.TestRunner","path":"D:\\Unity\\Projets\\Tank_IA_Top1\\Tank_IA_Top1\\Library\\PlayerScriptAssemblies\\UnityEngine.TestRunner.dll","types":[{"className":"UnityEngine.TestRunner.Utils.TestRunCallbackListener","fieldInfos":[]},{"className":"UnityEngine.TestRunner.TestLaunchers.RemoteTestData","fieldInfos":[{"name":"id","type":"System.String","flags":{"value__":0},"fixedBufferLength":0,"fixedBufferTypename":null},{"name":"name","type":"System.String","flags":{"value__":0},"fixedBufferLength":0,"fixedBufferTypename":null},{"name":"fullName","type":"System.String","flags":{"value__":0},"fixedBufferLength":0,"fixedBufferTypename":null},{"name":"testCaseCount","type":"System.Int32","flags":{"value__":0},"fixedBufferLength":0,"fixedBufferTypename":null},{"name":"ChildIndex","type":"System.Int32","flags":{"value__":0},"fixedBufferLength":0,"fixedBufferTypename":null},{"name":"hasChildren","type":"System.Boolean","flags":{"value__":0},"fixedBufferLength":0,"fixedBufferTypename":null},{"name":"isSuite","type":"System.Boolean","flags":{"value__":0},"fixedBufferLength":0,"fixedBufferTypename":null},{"name":"childrenIds","type":"System.String[]","flags":{"value__":0},"fixedBufferLength":0,"fixedBufferTypename":null},{"name":"testCaseTimeout","type":"System.Int32","flags":{"value__":0},"fixedBufferLength":0,"fixedBufferTypename":null},{"name":"Categories","type":"System.String[]","flags":{"value__":0},"fixedBufferLength":0,"fixedBufferTypename":null},{"name":"IsTestAssembly","type":"System.Boolean","flags":{"value__":0},"fixedBufferLength":0,"fixedBufferTypename":null},{"name":"RunState","type":"NUnit.Framework.Interfaces.RunState","flags":{"value__":0},"fixedBufferLength":0,"fixedBufferTypename":null},{"name":"Description","type":"System.String","flags":{"value__":0},"fixedBufferLength":0,"fixedBufferTypename":null},{"name":"SkipReason","type":"System.String","flags":{"value__":0},"fixedBufferLength":0,"fixedBufferTypename":null},{"name":"ParentId","type":"System.String","flags":{"value__":0},"fixedBufferLength":0,"fixedBufferTypename":null},{"name":"UniqueName","type":"System.String","flags":{"value__":0},"fixedBufferLength":0,"fixedBufferTypename":null},{"name":"ParentUniqueName","type":"System.String","flags":{"value__":0},"fixedBufferLength":0,"fixedBufferTypename":null},{"name":"ParentFullName","type":"System.String","flags":{"value__":0},"fixedBufferLength":0,"fixedBufferTypename":null}]},{"className":"UnityEngine.TestRunner.TestLaunchers.RemoteTestResultData","fieldInfos":[{"name":"testId","type":"System.String","flags":{"value__":0},"fixedBufferLength":0,"fixedBufferTypename":null},{"name":"name","type":"System.String","flags":{"value__":0},"fixedBufferLength":0,"fixedBufferTypename":null},{"name":"fullName","type":"System.String","flags":{"value__":0},"fixedBufferLength":0,"fixedBufferTypename":null},{"name":"resultState","type":"System.String","flags":{"value__":0},"fixedBufferLength":0,"fixedBufferTypename":null},{"name":"testStatus","type":"NUnit.Framework.Interfaces.TestStatus","flags":{"value__":0},"fixedBufferLength":0,"fixedBufferTypename":null},{"name":"duration","type":"System.Double","flags":{"value__":0},"fixedBufferLength":0,"fixedBufferTypename":null},{"name":"message","type":"System.String","flags":{"value__":0},"fixedBufferLength":0,"fixedBufferTypename":null},{"name":"stackTrace","type":"System.String","flags":{"value__":0},"fixedBufferLength":0,"fixedBufferTypename":null},{"name":"assertCount","type":"System.Int32","flags":{"value__":0},"fixedBufferLength":0,"fixedBufferTypename":null},{"name":"failCount","type":"System.Int32","flags":{"value__":0},"fixedBufferLength":0,"fixedBufferTypename":null},{"name":"passCount","type":"System.Int32","flags":{"value__":0},"fixedBufferLength":0,"fixedBufferTypename":null},{"name":"skipCount","type":"System.Int32","flags":{"value__":0},"fixedBufferLength":0,"fixedBufferTypename":null},{"name":"inconclusiveCount","type":"System.Int32","flags":{"value__":0},"fixedBufferLength":0,"fixedBufferTypename":null},{"name":"hasChildren","type":"System.Boolean","flags":{"value__":0},"fixedBufferLength":0,"fixedBufferTypename":null},{"name":"output","type":"System.String","flags":{"value__":0},"fixedBufferLength":0,"fixedBufferTypename":null},{"name":"xml","type":"System.String","flags":{"value__":0},"fixedBufferLength":0,"fixedBufferTypename":null},{"name":"childrenIds","type":"System.String[]","flags":{"value__":0},"fixedBufferLength":0,"fixedBufferTypename":null}]},{"className":"UnityEngine.TestRunner.TestLaunchers.RemoteTestResultDataWithTestData","fieldInfos":[{"name":"results","type":"UnityEngine.TestRunner.TestLaunchers.RemoteTestResultData[]","flags":{"value__":0},"fixedBufferLength":0,"fixedBufferTypename":null},{"name":"tests","type":"UnityEngine.TestRunner.TestLaunchers.RemoteTestData[]","flags":{"value__":0},"fixedBufferLength":0,"fixedBufferTypename":null}]},{"className":"UnityEngine.TestTools.BeforeAfterTestCommandState","fieldInfos":[{"name":"NextBeforeStepIndex","type":"System.Int32","flags":{"value__":0},"fixedBufferLength":0,"fixedBufferTypename":null},{"name":"NextBeforeStepPc","type":"System.Int32","flags":{"value__":0},"fixedBufferLength":0,"fixedBufferTypename":null},{"name":"NextAfterStepIndex","type":"System.Int32","flags":{"value__":0},"fixedBufferLength":0,"fixedBufferTypename":null},{"name":"NextAfterStepPc","type":"System.Int32","flags":{"value__":0},"fixedBufferLength":0,"fixedBufferTypename":null},{"name":"TestHasRun","type":"System.Boolean","flags":{"value__":0},"fixedBufferLength":0,"fixedBufferTypename":null},{"name":"CurrentTestResultStatus","type":"NUnit.Framework.Interfaces.TestStatus","flags":{"value__":0},"fixedBufferLength":0,"fixedBufferTypename":null},{"name":"CurrentTestResultLabel","type":"System.String","flags":{"value__":0},"fixedBufferLength":0,"fixedBufferTypename":null},{"name":"CurrentTestResultSite","type":"NUnit.Framework.Interfaces.FailureSite","flags":{"value__":0},"fixedBufferLength":0,"fixedBufferTypename":null},{"name":"CurrentTestMessage","type":"System.String","flags":{"value__":0},"fixedBufferLength":0,"fixedBufferTypename":null},{"name":"CurrentTestStrackTrace","type":"System.String","flags":{"value__":0},"fixedBufferLength":0,"fixedBufferTypename":null},{"name":"TestAfterStarted","type":"System.Boolean","flags":{"value__":0},"fixedBufferLength":0,"fixedBufferTypename":null},{"name":"Timestamp","type":"System.Int64","flags":{"value__":0},"fixedBufferLength":0,"fixedBufferTypename":null}]},{"className":"UnityEngine.TestTools.EnumerableTestState","fieldInfos":[{"name":"Repeat","type":"System.Int32","flags":{"value__":0},"fixedBufferLength":0,"fixedBufferTypename":null},{"name":"Retry","type":"System.Int32","flags":{"value__":0},"fixedBufferLength":0,"fixedBufferTypename":null}]},{"className":"UnityEngine.TestTools.Logging.LogMatch","fieldInfos":[{"name":"m_UseRegex","type":"System.Boolean","flags":{"value__":0},"fixedBufferLength":0,"fixedBufferTypename":null},{"name":"m_Message","type":"System.String","flags":{"value__":0},"fixedBufferLength":0,"fixedBufferTypename":null},{"name":"m_MessageRegex","type":"System.String","flags":{"value__":0},"fixedBufferLength":0,"fixedBufferTypename":null},{"name":"m_LogType","type":"System.String","flags":{"value__":0},"fixedBufferLength":0,"fixedBufferTypename":null}]},{"className":"UnityEngine.TestTools.TestRunner.TestFinishedEvent","fieldInfos":[]},{"className":"UnityEngine.TestTools.TestRunner.TestStartedEvent","fieldInfos":[]},{"className":"UnityEngine.TestTools.TestRunner.RunFinishedEvent","fieldInfos":[]},{"className":"UnityEngine.TestTools.TestRunner.RunStartedEvent","fieldInfos":[]},{"className":"UnityEngine.TestTools.TestRunner.PlaymodeTestsController","fieldInfos":[{"name":"m_AssembliesWithTests","type":"System.Collections.Generic.List`1[System.String]","flags":{"value__":0},"fixedBufferLength":0,"fixedBufferTypename":null},{"name":"testStartedEvent","type":"UnityEngine.TestTools.TestRunner.TestStartedEvent","flags":{"value__":0},"fixedBufferLength":0,"fixedBufferTypename":null},{"name":"testFinishedEvent","type":"UnityEngine.TestTools.TestRunner.TestFinishedEvent","flags":{"value__":0},"fixedBufferLength":0,"fixedBufferTypename":null},{"name":"runStartedEvent","type":"UnityEngine.TestTools.TestRunner.RunStartedEvent","flags":{"value__":0},"fixedBufferLength":0,"fixedBufferTypename":null},{"name":"runFinishedEvent","type":"UnityEngine.TestTools.TestRunner.RunFinishedEvent","flags":{"value__":0},"fixedBufferLength":0,"fixedBufferTypename":null},{"name":"settings","type":"UnityEngine.TestTools.TestRunner.PlaymodeTestsControllerSettings","flags":{"value__":0},"fixedBufferLength":0,"fixedBufferTypename":null}]},{"className":"UnityEngine.TestTools.TestRunner.PlaymodeTestsControllerSettings","fieldInfos":[{"name":"filters","type":"UnityEngine.TestTools.TestRunner.GUI.RuntimeTestRunnerFilter[]","flags":{"value__":0},"fixedBufferLength":0,"fixedBufferTypename":null},{"name":"sceneBased","type":"System.Boolean","flags":{"value__":0},"fixedBufferLength":0,"fixedBufferTypename":null},{"name":"originalScene","type":"System.String","flags":{"value__":0},"fixedBufferLength":0,"fixedBufferTypename":null},{"name":"bootstrapScene","type":"System.String","flags":{"value__":0},"fixedBufferLength":0,"fixedBufferTypename":null}]},{"className":"UnityEngine.TestTools.TestRunner.GUI.RuntimeTestRunnerFilter","fieldInfos":[{"name":"assemblyNames","type":"System.String[]","flags":{"value__":0},"fixedBufferLength":0,"fixedBufferTypename":null},{"name":"groupNames","type":"System.String[]","flags":{"value__":0},"fixedBufferLength":0,"fixedBufferTypename":null},{"name":"categoryNames","type":"System.String[]","flags":{"value__":0},"fixedBufferLength":0,"fixedBufferTypename":null},{"name":"testNames","type":"System.String[]","flags":{"value__":0},"fixedBufferLength":0,"fixedBufferTypename":null},{"name":"synchronousOnly","type":"System.Boolean","flags":{"value__":0},"fixedBufferLength":0,"fixedBufferTypename":null}]},{"className":"UnityEngine.TestTools.TestRunner.Callbacks.PlayModeRunnerCallback","fieldInfos":[]},{"className":"UnityEngine.TestTools.TestRunner.Callbacks.PlayerQuitHandler","fieldInfos":[]},{"className":"UnityEngine.TestTools.TestRunner.Callbacks.RemoteTestResultSender","fieldInfos":[]},{"className":"UnityEngine.TestTools.TestRunner.Callbacks.TestResultRendererCallback","fieldInfos":[]}]},{"name":"NavMeshComponents","path":"D:\\Unity\\Projets\\Tank_IA_Top1\\Tank_IA_Top1\\Library\\PlayerScriptAssemblies\\NavMeshComponents.dll","types":[{"className":"UnityEngine.AI.NavMeshLink","fieldInfos":[{"name":"m_AgentTypeID","type":"System.Int32","flags":{"value__":0},"fixedBufferLength":0,"fixedBufferTypename":null},{"name":"m_StartPoint","type":"UnityEngine.Vector3","flags":{"value__":0},"fixedBufferLength":0,"fixedBufferTypename":null},{"name":"m_EndPoint","type":"UnityEngine.Vector3","flags":{"value__":0},"fixedBufferLength":0,"fixedBufferTypename":null},{"name":"m_Width","type":"System.Single","flags":{"value__":0},"fixedBufferLength":0,"fixedBufferTypename":null},{"name":"m_CostModifier","type":"System.Int32","flags":{"value__":0},"fixedBufferLength":0,"fixedBufferTypename":null},{"name":"m_Bidirectional","type":"System.Boolean","flags":{"value__":0},"fixedBufferLength":0,"fixedBufferTypename":null},{"name":"m_AutoUpdatePosition","type":"System.Boolean","flags":{"value__":0},"fixedBufferLength":0,"fixedBufferTypename":null},{"name":"m_Area","type":"System.Int32","flags":{"value__":0},"fixedBufferLength":0,"fixedBufferTypename":null}]},{"className":"UnityEngine.AI.NavMeshModifier","fieldInfos":[{"name":"m_OverrideArea","type":"System.Boolean","flags":{"value__":0},"fixedBufferLength":0,"fixedBufferTypename":null},{"name":"m_Area","type":"System.Int32","flags":{"value__":0},"fixedBufferLength":0,"fixedBufferTypename":null},{"name":"m_IgnoreFromBuild","type":"System.Boolean","flags":{"value__":0},"fixedBufferLength":0,"fixedBufferTypename":null},{"name":"m_AffectedAgents","type":"System.Collections.Generic.List`1[System.Int32]","flags":{"value__":0},"fixedBufferLength":0,"fixedBufferTypename":null}]},{"className":"UnityEngine.AI.NavMeshModifierVolume","fieldInfos":[{"name":"m_Size","type":"UnityEngine.Vector3","flags":{"value__":0},"fixedBufferLength":0,"fixedBufferTypename":null},{"name":"m_Center","type":"UnityEngine.Vector3","flags":{"value__":0},"fixedBufferLength":0,"fixedBufferTypename":null},{"name":"m_Area","type":"System.Int32","flags":{"value__":0},"fixedBufferLength":0,"fixedBufferTypename":null},{"name":"m_AffectedAgents","type":"System.Collections.Generic.List`1[System.Int32]","flags":{"value__":0},"fixedBufferLength":0,"fixedBufferTypename":null}]},{"className":"UnityEngine.AI.NavMeshSurface","fieldInfos":[{"name":"m_AgentTypeID","type":"System.Int32","flags":{"value__":0},"fixedBufferLength":0,"fixedBufferTypename":null},{"name":"m_CollectObjects","type":"UnityEngine.AI.CollectObjects","flags":{"value__":0},"fixedBufferLength":0,"fixedBufferTypename":null},{"name":"m_Size","type":"UnityEngine.Vector3","flags":{"value__":0},"fixedBufferLength":0,"fixedBufferTypename":null},{"name":"m_Center","type":"UnityEngine.Vector3","flags":{"value__":0},"fixedBufferLength":0,"fixedBufferTypename":null},{"name":"m_LayerMask","type":"UnityEngine.LayerMask","flags":{"value__":0},"fixedBufferLength":0,"fixedBufferTypename":null},{"name":"m_UseGeometry","type":"UnityEngine.AI.NavMeshCollectGeometry","flags":{"value__":0},"fixedBufferLength":0,"fixedBufferTypename":null},{"name":"m_DefaultArea","type":"System.Int32","flags":{"value__":0},"fixedBufferLength":0,"fixedBufferTypename":null},{"name":"m_IgnoreNavMeshAgent","type":"System.Boolean","flags":{"value__":0},"fixedBufferLength":0,"fixedBufferTypename":null},{"name":"m_IgnoreNavMeshObstacle","type":"System.Boolean","flags":{"value__":0},"fixedBufferLength":0,"fixedBufferTypename":null},{"name":"m_OverrideTileSize","type":"System.Boolean","flags":{"value__":0},"fixedBufferLength":0,"fixedBufferTypename":null},{"name":"m_TileSize","type":"System.Int32","flags":{"value__":0},"fixedBufferLength":0,"fixedBufferTypename":null},{"name":"m_OverrideVoxelSize","type":"System.Boolean","flags":{"value__":0},"fixedBufferLength":0,"fixedBufferTypename":null},{"name":"m_VoxelSize","type":"System.Single","flags":{"value__":0},"fixedBufferLength":0,"fixedBufferTypename":null},{"name":"m_BuildHeightMesh","type":"System.Boolean","flags":{"value__":0},"fixedBufferLength":0,"fixedBufferTypename":null},{"name":"m_NavMeshData","type":"UnityEngine.AI.NavMeshData","flags":{"value__":0},"fixedBufferLength":0,"fixedBufferTypename":null}]}]},{"name":"NavMeshComponentsExamples","path":"D:\\Unity\\Projets\\Tank_IA_Top1\\Tank_IA_Top1\\Library\\PlayerScriptAssemblies\\NavMeshComponentsExamples.dll","types":[{"className":"AgentLinkMover","fieldInfos":[{"name":"m_Method","type":"OffMeshLinkMoveMethod","flags":{"value__":0},"fixedBufferLength":0,"fixedBufferTypename":null},{"name":"m_Curve","type":"UnityEngine.AnimationCurve","flags":{"value__":0},"fixedBufferLength":0,"fixedBufferTypename":null}]},{"className":"ClickToMove","fieldInfos":[]},{"className":"DestroyOnTrigger","fieldInfos":[{"name":"m_Tag","type":"System.String","flags":{"value__":0},"fixedBufferLength":0,"fixedBufferTypename":null}]},{"className":"DungeonManager","fieldInfos":[{"name":"m_Width","type":"System.Int32","flags":{"value__":0},"fixedBufferLength":0,"fixedBufferTypename":null},{"name":"m_Height","type":"System.Int32","flags":{"value__":0},"fixedBufferLength":0,"fixedBufferTypename":null},{"name":"m_Spacing","type":"System.Single","flags":{"value__":0},"fixedBufferLength":0,"fixedBufferTypename":null},{"name":"m_Tiles","type":"UnityEngine.GameObject[]","flags":{"value__":0},"fixedBufferLength":0,"fixedBufferTypename":null}]},{"className":"EnableIffSleeping","fieldInfos":[{"name":"m_Behaviour","type":"UnityEngine.Behaviour","flags":{"value__":0},"fixedBufferLength":0,"fixedBufferTypename":null}]},{"className":"FreeCam","fieldInfos":[{"name":"axes","type":"FreeCam+RotationAxes","flags":{"value__":0},"fixedBufferLength":0,"fixedBufferTypename":null},{"name":"sensitivityX","type":"System.Single","flags":{"value__":0},"fixedBufferLength":0,"fixedBufferTypename":null},{"name":"sensitivityY","type":"System.Single","flags":{"value__":0},"fixedBufferLength":0,"fixedBufferTypename":null},{"name":"minimumX","type":"System.Single","flags":{"value__":0},"fixedBufferLength":0,"fixedBufferTypename":null},{"name":"maximumX","type":"System.Single","flags":{"value__":0},"fixedBufferLength":0,"fixedBufferTypename":null},{"name":"minimumY","type":"System.Single","flags":{"value__":0},"fixedBufferLength":0,"fixedBufferTypename":null},{"name":"maximumY","type":"System.Single","flags":{"value__":0},"fixedBufferLength":0,"fixedBufferTypename":null},{"name":"moveSpeed","type":"System.Single","flags":{"value__":0},"fixedBufferLength":0,"fixedBufferTypename":null},{"name":"lockHeight","type":"System.Boolean","flags":{"value__":0},"fixedBufferLength":0,"fixedBufferTypename":null}]},{"className":"LocalNavMeshBuilder","fieldInfos":[{"name":"m_Tracked","type":"UnityEngine.Transform","flags":{"value__":0},"fixedBufferLength":0,"fixedBufferTypename":null},{"name":"m_Size","type":"UnityEngine.Vector3","flags":{"value__":0},"fixedBufferLength":0,"fixedBufferTypename":null}]},{"className":"MeshTool","fieldInfos":[{"name":"m_Filters","type":"System.Collections.Generic.List`1[UnityEngine.MeshFilter]","flags":{"value__":0},"fixedBufferLength":0,"fixedBufferTypename":null},{"name":"m_Radius","type":"System.Single","flags":{"value__":0},"fixedBufferLength":0,"fixedBufferTypename":null},{"name":"m_Power","type":"System.Single","flags":{"value__":0},"fixedBufferLength":0,"fixedBufferTypename":null},{"name":"m_Method","type":"MeshTool+ExtrudeMethod","flags":{"value__":0},"fixedBufferLength":0,"fixedBufferTypename":null}]},{"className":"NavMeshPrefabInstance","fieldInfos":[{"name":"m_NavMesh","type":"UnityEngine.AI.NavMeshData","flags":{"value__":0},"fixedBufferLength":0,"fixedBufferTypename":null},{"name":"m_FollowTransform","type":"System.Boolean","flags":{"value__":0},"fixedBufferLength":0,"fixedBufferTypename":null}]},{"className":"NavMeshSourceTag","fieldInfos":[]},{"className":"Oscillator","fieldInfos":[{"name":"m_Amplitude","type":"System.Single","flags":{"value__":0},"fixedBufferLength":0,"fixedBufferTypename":null},{"name":"m_Period","type":"System.Single","flags":{"value__":0},"fixedBufferLength":0,"fixedBufferTypename":null},{"name":"m_Direction","type":"UnityEngine.Vector3","flags":{"value__":0},"fixedBufferLength":0,"fixedBufferTypename":null}]},{"className":"RandomInstancing","fieldInfos":[{"name":"m_Prefab","type":"UnityEngine.GameObject","flags":{"value__":0},"fixedBufferLength":0,"fixedBufferTypename":null},{"name":"m_PoolSize","type":"System.Int32","flags":{"value__":0},"fixedBufferLength":0,"fixedBufferTypename":null},{"name":"m_InstancesPerTile","type":"System.Int32","flags":{"value__":0},"fixedBufferLength":0,"fixedBufferTypename":null},{"name":"m_RandomPosition","type":"System.Boolean","flags":{"value__":0},"fixedBufferLength":0,"fixedBufferTypename":null},{"name":"m_RandomOrientation","type":"System.Boolean","flags":{"value__":0},"fixedBufferLength":0,"fixedBufferTypename":null},{"name":"m_Height","type":"System.Single","flags":{"value__":0},"fixedBufferLength":0,"fixedBufferTypename":null},{"name":"m_BaseHash","type":"System.Int32","flags":{"value__":0},"fixedBufferLength":0,"fixedBufferTypename":null},{"name":"m_Size","type":"System.Single","flags":{"value__":0},"fixedBufferLength":0,"fixedBufferTypename":null}]},{"className":"RandomWalk","fieldInfos":[{"name":"m_Range","type":"System.Single","flags":{"value__":0},"fixedBufferLength":0,"fixedBufferTypename":null}]},{"className":"SpawnPrefabOnKeyDown","fieldInfos":[{"name":"m_Prefab","type":"UnityEngine.GameObject","flags":{"value__":0},"fixedBufferLength":0,"fixedBufferTypename":null},{"name":"m_KeyCode","type":"UnityEngine.KeyCode","flags":{"value__":0},"fixedBufferLength":0,"fixedBufferTypename":null}]}]},{"name":"UnityEngine.UI","path":"D:\\Unity\\Projets\\Tank_IA_Top1\\Tank_IA_Top1\\Library\\PlayerScriptAssemblies\\UnityEngine.UI.dll","types":[{"className":"UnityEngine.UI.AnimationTriggers","fieldInfos":[{"name":"m_NormalTrigger","type":"System.String","flags":{"value__":0},"fixedBufferLength":0,"fixedBufferTypename":null},{"name":"m_HighlightedTrigger","type":"System.String","flags":{"value__":0},"fixedBufferLength":0,"fixedBufferTypename":null},{"name":"m_PressedTrigger","type":"System.String","flags":{"value__":0},"fixedBufferLength":0,"fixedBufferTypename":null},{"name":"m_SelectedTrigger","type":"System.String","flags":{"value__":0},"fixedBufferLength":0,"fixedBufferTypename":null},{"name":"m_DisabledTrigger","type":"System.String","flags":{"value__":0},"fixedBufferLength":0,"fixedBufferTypename":null}]},{"className":"UnityEngine.UI.Button","fieldInfos":[{"name":"m_OnClick","type":"UnityEngine.UI.Button+ButtonClickedEvent","flags":{"value__":0},"fixedBufferLength":0,"fixedBufferTypename":null}]},{"className":"UnityEngine.UI.Button+ButtonClickedEvent","fieldInfos":[]},{"className":"UnityEngine.UI.Selectable","fieldInfos":[{"name":"m_Navigation","type":"UnityEngine.UI.Navigation","flags":{"value__":0},"fixedBufferLength":0,"fixedBufferTypename":null},{"name":"m_Transition","type":"UnityEngine.UI.Selectable+Transition","flags":{"value__":0},"fixedBufferLength":0,"fixedBufferTypename":null},{"name":"m_Colors","type":"UnityEngine.UI.ColorBlock","flags":{"value__":0},"fixedBufferLength":0,"fixedBufferTypename":null},{"name":"m_SpriteState","type":"UnityEngine.UI.SpriteState","flags":{"value__":0},"fixedBufferLength":0,"fixedBufferTypename":null},{"name":"m_AnimationTriggers","type":"UnityEngine.UI.AnimationTriggers","flags":{"value__":0},"fixedBufferLength":0,"fixedBufferTypename":null},{"name":"m_Interactable","type":"System.Boolean","flags":{"value__":0},"fixedBufferLength":0,"fixedBufferTypename":null},{"name":"m_TargetGraphic","type":"UnityEngine.UI.Graphic","flags":{"value__":0},"fixedBufferLength":0,"fixedBufferTypename":null}]},{"className":"UnityEngine.EventSystems.UIBehaviour","fieldInfos":[]},{"className":"UnityEngine.UI.ColorBlock","fieldInfos":[{"name":"m_NormalColor","type":"UnityEngine.Color","flags":{"value__":0},"fixedBufferLength":0,"fixedBufferTypename":null},{"name":"m_HighlightedColor","type":"UnityEngine.Color","flags":{"value__":0},"fixedBufferLength":0,"fixedBufferTypename":null},{"name":"m_PressedColor","type":"UnityEngine.Color","flags":{"value__":0},"fixedBufferLength":0,"fixedBufferTypename":null},{"name":"m_SelectedColor","type":"UnityEngine.Color","flags":{"value__":0},"fixedBufferLength":0,"fixedBufferTypename":null},{"name":"m_DisabledColor","type":"UnityEngine.Color","flags":{"value__":0},"fixedBufferLength":0,"fixedBufferTypename":null},{"name":"m_ColorMultiplier","type":"System.Single","flags":{"value__":0},"fixedBufferLength":0,"fixedBufferTypename":null},{"name":"m_FadeDuration","type":"System.Single","flags":{"value__":0},"fixedBufferLength":0,"fixedBufferTypename":null}]},{"className":"UnityEngine.UI.Dropdown","fieldInfos":[{"name":"m_Template","type":"UnityEngine.RectTransform","flags":{"value__":0},"fixedBufferLength":0,"fixedBufferTypename":null},{"name":"m_CaptionText","type":"UnityEngine.UI.Text","flags":{"value__":0},"fixedBufferLength":0,"fixedBufferTypename":null},{"name":"m_CaptionImage","type":"UnityEngine.UI.Image","flags":{"value__":0},"fixedBufferLength":0,"fixedBufferTypename":null},{"name":"m_ItemText","type":"UnityEngine.UI.Text","flags":{"value__":0},"fixedBufferLength":0,"fixedBufferTypename":null},{"name":"m_ItemImage","type":"UnityEngine.UI.Image","flags":{"value__":0},"fixedBufferLength":0,"fixedBufferTypename":null},{"name":"m_Value","type":"System.Int32","flags":{"value__":0},"fixedBufferLength":0,"fixedBufferTypename":null},{"name":"m_Options","type":"UnityEngine.UI.Dropdown+OptionDataList","flags":{"value__":0},"fixedBufferLength":0,"fixedBufferTypename":null},{"name":"m_OnValueChanged","type":"UnityEngine.UI.Dropdown+DropdownEvent","flags":{"value__":0},"fixedBufferLength":0,"fixedBufferTypename":null},{"name":"m_AlphaFadeSpeed","type":"System.Single","flags":{"value__":0},"fixedBufferLength":0,"fixedBufferTypename":null}]},{"className":"UnityEngine.UI.Dropdown+DropdownItem","fieldInfos":[{"name":"m_Text","type":"UnityEngine.UI.Text","flags":{"value__":0},"fixedBufferLength":0,"fixedBufferTypename":null},{"name":"m_Image","type":"UnityEngine.UI.Image","flags":{"value__":0},"fixedBufferLength":0,"fixedBufferTypename":null},{"name":"m_RectTransform","type":"UnityEngine.RectTransform","flags":{"value__":0},"fixedBufferLength":0,"fixedBufferTypename":null},{"name":"m_Toggle","type":"UnityEngine.UI.Toggle","flags":{"value__":0},"fixedBufferLength":0,"fixedBufferTypename":null}]},{"className":"UnityEngine.UI.Dropdown+OptionData","fieldInfos":[{"name":"m_Text","type":"System.String","flags":{"value__":0},"fixedBufferLength":0,"fixedBufferTypename":null},{"name":"m_Image","type":"UnityEngine.Sprite","flags":{"value__":0},"fixedBufferLength":0,"fixedBufferTypename":null}]},{"className":"UnityEngine.UI.Dropdown+OptionDataList","fieldInfos":[{"name":"m_Options","type":"System.Collections.Generic.List`1[UnityEngine.UI.Dropdown+OptionData]","flags":{"value__":0},"fixedBufferLength":0,"fixedBufferTypename":null}]},{"className":"UnityEngine.UI.Dropdown+DropdownEvent","fieldInfos":[]},{"className":"UnityEngine.UI.FontData","fieldInfos":[{"name":"m_Font","type":"UnityEngine.Font","flags":{"value__":0},"fixedBufferLength":0,"fixedBufferTypename":null},{"name":"m_FontSize","type":"System.Int32","flags":{"value__":0},"fixedBufferLength":0,"fixedBufferTypename":null},{"name":"m_FontStyle","type":"UnityEngine.FontStyle","flags":{"value__":0},"fixedBufferLength":0,"fixedBufferTypename":null},{"name":"m_BestFit","type":"System.Boolean","flags":{"value__":0},"fixedBufferLength":0,"fixedBufferTypename":null},{"name":"m_MinSize","type":"System.Int32","flags":{"value__":0},"fixedBufferLength":0,"fixedBufferTypename":null},{"name":"m_MaxSize","type":"System.Int32","flags":{"value__":0},"fixedBufferLength":0,"fixedBufferTypename":null},{"name":"m_Alignment","type":"UnityEngine.TextAnchor","flags":{"value__":0},"fixedBufferLength":0,"fixedBufferTypename":null},{"name":"m_AlignByGeometry","type":"System.Boolean","flags":{"value__":0},"fixedBufferLength":0,"fixedBufferTypename":null},{"name":"m_RichText","type":"System.Boolean","flags":{"value__":0},"fixedBufferLength":0,"fixedBufferTypename":null},{"name":"m_HorizontalOverflow","type":"UnityEngine.HorizontalWrapMode","flags":{"value__":0},"fixedBufferLength":0,"fixedBufferTypename":null},{"name":"m_VerticalOverflow","type":"UnityEngine.VerticalWrapMode","flags":{"value__":0},"fixedBufferLength":0,"fixedBufferTypename":null},{"name":"m_LineSpacing","type":"System.Single","flags":{"value__":0},"fixedBufferLength":0,"fixedBufferTypename":null}]},{"className":"UnityEngine.UI.Graphic","fieldInfos":[{"name":"m_Material","type":"UnityEngine.Material","flags":{"value__":0},"fixedBufferLength":0,"fixedBufferTypename":null},{"name":"m_Color","type":"UnityEngine.Color","flags":{"value__":0},"fixedBufferLength":0,"fixedBufferTypename":null},{"name":"m_RaycastTarget","type":"System.Boolean","flags":{"value__":0},"fixedBufferLength":0,"fixedBufferTypename":null},{"name":"m_RaycastPadding","type":"UnityEngine.Vector4","flags":{"value__":0},"fixedBufferLength":0,"fixedBufferTypename":null}]},{"className":"UnityEngine.UI.GraphicRaycaster","fieldInfos":[{"name":"m_IgnoreReversedGraphics","type":"System.Boolean","flags":{"value__":0},"fixedBufferLength":0,"fixedBufferTypename":null},{"name":"m_BlockingObjects","type":"UnityEngine.UI.GraphicRaycaster+BlockingObjects","flags":{"value__":0},"fixedBufferLength":0,"fixedBufferTypename":null},{"name":"m_BlockingMask","type":"UnityEngine.LayerMask","flags":{"value__":0},"fixedBufferLength":0,"fixedBufferTypename":null}]},{"className":"UnityEngine.EventSystems.BaseRaycaster","fieldInfos":[]},{"className":"UnityEngine.UI.Image","fieldInfos":[{"name":"m_Sprite","type":"UnityEngine.Sprite","flags":{"value__":0},"fixedBufferLength":0,"fixedBufferTypename":null},{"name":"m_Type","type":"UnityEngine.UI.Image+Type","flags":{"value__":0},"fixedBufferLength":0,"fixedBufferTypename":null},{"name":"m_PreserveAspect","type":"System.Boolean","flags":{"value__":0},"fixedBufferLength":0,"fixedBufferTypename":null},{"name":"m_FillCenter","type":"System.Boolean","flags":{"value__":0},"fixedBufferLength":0,"fixedBufferTypename":null},{"name":"m_FillMethod","type":"UnityEngine.UI.Image+FillMethod","flags":{"value__":0},"fixedBufferLength":0,"fixedBufferTypename":null},{"name":"m_FillAmount","type":"System.Single","flags":{"value__":0},"fixedBufferLength":0,"fixedBufferTypename":null},{"name":"m_FillClockwise","type":"System.Boolean","flags":{"value__":0},"fixedBufferLength":0,"fixedBufferTypename":null},{"name":"m_FillOrigin","type":"System.Int32","flags":{"value__":0},"fixedBufferLength":0,"fixedBufferTypename":null},{"name":"m_UseSpriteMesh","type":"System.Boolean","flags":{"value__":0},"fixedBufferLength":0,"fixedBufferTypename":null},{"name":"m_PixelsPerUnitMultiplier","type":"System.Single","flags":{"value__":0},"fixedBufferLength":0,"fixedBufferTypename":null}]},{"className":"UnityEngine.UI.MaskableGraphic","fieldInfos":[{"name":"m_Maskable","type":"System.Boolean","flags":{"value__":0},"fixedBufferLength":0,"fixedBufferTypename":null},{"name":"m_OnCullStateChanged","type":"UnityEngine.UI.MaskableGraphic+CullStateChangedEvent","flags":{"value__":0},"fixedBufferLength":0,"fixedBufferTypename":null}]},{"className":"UnityEngine.UI.MaskableGraphic+CullStateChangedEvent","fieldInfos":[]},{"className":"UnityEngine.UI.InputField","fieldInfos":[{"name":"m_TextComponent","type":"UnityEngine.UI.Text","flags":{"value__":0},"fixedBufferLength":0,"fixedBufferTypename":null},{"name":"m_Placeholder","type":"UnityEngine.UI.Graphic","flags":{"value__":0},"fixedBufferLength":0,"fixedBufferTypename":null},{"name":"m_ContentType","type":"UnityEngine.UI.InputField+ContentType","flags":{"value__":0},"fixedBufferLength":0,"fixedBufferTypename":null},{"name":"m_InputType","type":"UnityEngine.UI.InputField+InputType","flags":{"value__":0},"fixedBufferLength":0,"fixedBufferTypename":null},{"name":"m_AsteriskChar","type":"System.Char","flags":{"value__":0},"fixedBufferLength":0,"fixedBufferTypename":null},{"name":"m_KeyboardType","type":"UnityEngine.TouchScreenKeyboardType","flags":{"value__":0},"fixedBufferLength":0,"fixedBufferTypename":null},{"name":"m_LineType","type":"UnityEngine.UI.InputField+LineType","flags":{"value__":0},"fixedBufferLength":0,"fixedBufferTypename":null},{"name":"m_HideMobileInput","type":"System.Boolean","flags":{"value__":0},"fixedBufferLength":0,"fixedBufferTypename":null},{"name":"m_CharacterValidation","type":"UnityEngine.UI.InputField+CharacterValidation","flags":{"value__":0},"fixedBufferLength":0,"fixedBufferTypename":null},{"name":"m_CharacterLimit","type":"System.Int32","flags":{"value__":0},"fixedBufferLength":0,"fixedBufferTypename":null},{"name":"m_OnEndEdit","type":"UnityEngine.UI.InputField+SubmitEvent","flags":{"value__":0},"fixedBufferLength":0,"fixedBufferTypename":null},{"name":"m_OnValueChanged","type":"UnityEngine.UI.InputField+OnChangeEvent","flags":{"value__":0},"fixedBufferLength":0,"fixedBufferTypename":null},{"name":"m_CaretColor","type":"UnityEngine.Color","flags":{"value__":0},"fixedBufferLength":0,"fixedBufferTypename":null},{"name":"m_CustomCaretColor","type":"System.Boolean","flags":{"value__":0},"fixedBufferLength":0,"fixedBufferTypename":null},{"name":"m_SelectionColor","type":"UnityEngine.Color","flags":{"value__":0},"fixedBufferLength":0,"fixedBufferTypename":null},{"name":"m_Text","type":"System.String","flags":{"value__":0},"fixedBufferLength":0,"fixedBufferTypename":null},{"name":"m_CaretBlinkRate","type":"System.Single","flags":{"value__":0},"fixedBufferLength":0,"fixedBufferTypename":null},{"name":"m_CaretWidth","type":"System.Int32","flags":{"value__":0},"fixedBufferLength":0,"fixedBufferTypename":null},{"name":"m_ReadOnly","type":"System.Boolean","flags":{"value__":0},"fixedBufferLength":0,"fixedBufferTypename":null},{"name":"m_ShouldActivateOnSelect","type":"System.Boolean","flags":{"value__":0},"fixedBufferLength":0,"fixedBufferTypename":null}]},{"className":"UnityEngine.UI.InputField+SubmitEvent","fieldInfos":[]},{"className":"UnityEngine.UI.InputField+OnChangeEvent","fieldInfos":[]},{"className":"UnityEngine.UI.AspectRatioFitter","fieldInfos":[{"name":"m_AspectMode","type":"UnityEngine.UI.AspectRatioFitter+AspectMode","flags":{"value__":0},"fixedBufferLength":0,"fixedBufferTypename":null},{"name":"m_AspectRatio","type":"System.Single","flags":{"value__":0},"fixedBufferLength":0,"fixedBufferTypename":null}]},{"className":"UnityEngine.UI.CanvasScaler","fieldInfos":[{"name":"m_UiScaleMode","type":"UnityEngine.UI.CanvasScaler+ScaleMode","flags":{"value__":0},"fixedBufferLength":0,"fixedBufferTypename":null},{"name":"m_ReferencePixelsPerUnit","type":"System.Single","flags":{"value__":0},"fixedBufferLength":0,"fixedBufferTypename":null},{"name":"m_ScaleFactor","type":"System.Single","flags":{"value__":0},"fixedBufferLength":0,"fixedBufferTypename":null},{"name":"m_ReferenceResolution","type":"UnityEngine.Vector2","flags":{"value__":0},"fixedBufferLength":0,"fixedBufferTypename":null},{"name":"m_ScreenMatchMode","type":"UnityEngine.UI.CanvasScaler+ScreenMatchMode","flags":{"value__":0},"fixedBufferLength":0,"fixedBufferTypename":null},{"name":"m_MatchWidthOrHeight","type":"System.Single","flags":{"value__":0},"fixedBufferLength":0,"fixedBufferTypename":null},{"name":"m_PhysicalUnit","type":"UnityEngine.UI.CanvasScaler+Unit","flags":{"value__":0},"fixedBufferLength":0,"fixedBufferTypename":null},{"name":"m_FallbackScreenDPI","type":"System.Single","flags":{"value__":0},"fixedBufferLength":0,"fixedBufferTypename":null},{"name":"m_DefaultSpriteDPI","type":"System.Single","flags":{"value__":0},"fixedBufferLength":0,"fixedBufferTypename":null},{"name":"m_DynamicPixelsPerUnit","type":"System.Single","flags":{"value__":0},"fixedBufferLength":0,"fixedBufferTypename":null},{"name":"m_PresetInfoIsWorld","type":"System.Boolean","flags":{"value__":0},"fixedBufferLength":0,"fixedBufferTypename":null}]},{"className":"UnityEngine.UI.ContentSizeFitter","fieldInfos":[{"name":"m_HorizontalFit","type":"UnityEngine.UI.ContentSizeFitter+FitMode","flags":{"value__":0},"fixedBufferLength":0,"fixedBufferTypename":null},{"name":"m_VerticalFit","type":"UnityEngine.UI.ContentSizeFitter+FitMode","flags":{"value__":0},"fixedBufferLength":0,"fixedBufferTypename":null}]},{"className":"UnityEngine.UI.GridLayoutGroup","fieldInfos":[{"name":"m_StartCorner","type":"UnityEngine.UI.GridLayoutGroup+Corner","flags":{"value__":0},"fixedBufferLength":0,"fixedBufferTypename":null},{"name":"m_StartAxis","type":"UnityEngine.UI.GridLayoutGroup+Axis","flags":{"value__":0},"fixedBufferLength":0,"fixedBufferTypename":null},{"name":"m_CellSize","type":"UnityEngine.Vector2","flags":{"value__":0},"fixedBufferLength":0,"fixedBufferTypename":null},{"name":"m_Spacing","type":"UnityEngine.Vector2","flags":{"value__":0},"fixedBufferLength":0,"fixedBufferTypename":null},{"name":"m_Constraint","type":"UnityEngine.UI.GridLayoutGroup+Constraint","flags":{"value__":0},"fixedBufferLength":0,"fixedBufferTypename":null},{"name":"m_ConstraintCount","type":"System.Int32","flags":{"value__":0},"fixedBufferLength":0,"fixedBufferTypename":null}]},{"className":"UnityEngine.UI.LayoutGroup","fieldInfos":[{"name":"m_Padding","type":"UnityEngine.RectOffset","flags":{"value__":0},"fixedBufferLength":0,"fixedBufferTypename":null},{"name":"m_ChildAlignment","type":"UnityEngine.TextAnchor","flags":{"value__":0},"fixedBufferLength":0,"fixedBufferTypename":null}]},{"className":"UnityEngine.UI.HorizontalLayoutGroup","fieldInfos":[]},{"className":"UnityEngine.UI.HorizontalOrVerticalLayoutGroup","fieldInfos":[{"name":"m_Spacing","type":"System.Single","flags":{"value__":0},"fixedBufferLength":0,"fixedBufferTypename":null},{"name":"m_ChildForceExpandWidth","type":"System.Boolean","flags":{"value__":0},"fixedBufferLength":0,"fixedBufferTypename":null},{"name":"m_ChildForceExpandHeight","type":"System.Boolean","flags":{"value__":0},"fixedBufferLength":0,"fixedBufferTypename":null},{"name":"m_ChildControlWidth","type":"System.Boolean","flags":{"value__":0},"fixedBufferLength":0,"fixedBufferTypename":null},{"name":"m_ChildControlHeight","type":"System.Boolean","flags":{"value__":0},"fixedBufferLength":0,"fixedBufferTypename":null},{"name":"m_ChildScaleWidth","type":"System.Boolean","flags":{"value__":0},"fixedBufferLength":0,"fixedBufferTypename":null},{"name":"m_ChildScaleHeight","type":"System.Boolean","flags":{"value__":0},"fixedBufferLength":0,"fixedBufferTypename":null},{"name":"m_ReverseArrangement","type":"System.Boolean","flags":{"value__":0},"fixedBufferLength":0,"fixedBufferTypename":null}]},{"className":"UnityEngine.UI.LayoutElement","fieldInfos":[{"name":"m_IgnoreLayout","type":"System.Boolean","flags":{"value__":0},"fixedBufferLength":0,"fixedBufferTypename":null},{"name":"m_MinWidth","type":"System.Single","flags":{"value__":0},"fixedBufferLength":0,"fixedBufferTypename":null},{"name":"m_MinHeight","type":"System.Single","flags":{"value__":0},"fixedBufferLength":0,"fixedBufferTypename":null},{"name":"m_PreferredWidth","type":"System.Single","flags":{"value__":0},"fixedBufferLength":0,"fixedBufferTypename":null},{"name":"m_PreferredHeight","type":"System.Single","flags":{"value__":0},"fixedBufferLength":0,"fixedBufferTypename":null},{"name":"m_FlexibleWidth","type":"System.Single","flags":{"value__":0},"fixedBufferLength":0,"fixedBufferTypename":null},{"name":"m_FlexibleHeight","type":"System.Single","flags":{"value__":0},"fixedBufferLength":0,"fixedBufferTypename":null},{"name":"m_LayoutPriority","type":"System.Int32","flags":{"value__":0},"fixedBufferLength":0,"fixedBufferTypename":null}]},{"className":"UnityEngine.UI.VerticalLayoutGroup","fieldInfos":[]},{"className":"UnityEngine.UI.Mask","fieldInfos":[{"name":"m_ShowMaskGraphic","type":"System.Boolean","flags":{"value__":0},"fixedBufferLength":0,"fixedBufferTypename":null}]},{"className":"UnityEngine.UI.Navigation","fieldInfos":[{"name":"m_Mode","type":"UnityEngine.UI.Navigation+Mode","flags":{"value__":0},"fixedBufferLength":0,"fixedBufferTypename":null},{"name":"m_WrapAround","type":"System.Boolean","flags":{"value__":0},"fixedBufferLength":0,"fixedBufferTypename":null},{"name":"m_SelectOnUp","type":"UnityEngine.UI.Selectable","flags":{"value__":0},"fixedBufferLength":0,"fixedBufferTypename":null},{"name":"m_SelectOnDown","type":"UnityEngine.UI.Selectable","flags":{"value__":0},"fixedBufferLength":0,"fixedBufferTypename":null},{"name":"m_SelectOnLeft","type":"UnityEngine.UI.Selectable","flags":{"value__":0},"fixedBufferLength":0,"fixedBufferTypename":null},{"name":"m_SelectOnRight","type":"UnityEngine.UI.Selectable","flags":{"value__":0},"fixedBufferLength":0,"fixedBufferTypename":null}]},{"className":"UnityEngine.UI.RawImage","fieldInfos":[{"name":"m_Texture","type":"UnityEngine.Texture","flags":{"value__":0},"fixedBufferLength":0,"fixedBufferTypename":null},{"name":"m_UVRect","type":"UnityEngine.Rect","flags":{"value__":0},"fixedBufferLength":0,"fixedBufferTypename":null}]},{"className":"UnityEngine.UI.RectMask2D","fieldInfos":[{"name":"m_Padding","type":"UnityEngine.Vector4","flags":{"value__":0},"fixedBufferLength":0,"fixedBufferTypename":null},{"name":"m_Softness","type":"UnityEngine.Vector2Int","flags":{"value__":0},"fixedBufferLength":0,"fixedBufferTypename":null}]},{"className":"UnityEngine.UI.ScrollRect","fieldInfos":[{"name":"m_Content","type":"UnityEngine.RectTransform","flags":{"value__":0},"fixedBufferLength":0,"fixedBufferTypename":null},{"name":"m_Horizontal","type":"System.Boolean","flags":{"value__":0},"fixedBufferLength":0,"fixedBufferTypename":null},{"name":"m_Vertical","type":"System.Boolean","flags":{"value__":0},"fixedBufferLength":0,"fixedBufferTypename":null},{"name":"m_MovementType","type":"UnityEngine.UI.ScrollRect+MovementType","flags":{"value__":0},"fixedBufferLength":0,"fixedBufferTypename":null},{"name":"m_Elasticity","type":"System.Single","flags":{"value__":0},"fixedBufferLength":0,"fixedBufferTypename":null},{"name":"m_Inertia","type":"System.Boolean","flags":{"value__":0},"fixedBufferLength":0,"fixedBufferTypename":null},{"name":"m_DecelerationRate","type":"System.Single","flags":{"value__":0},"fixedBufferLength":0,"fixedBufferTypename":null},{"name":"m_ScrollSensitivity","type":"System.Single","flags":{"value__":0},"fixedBufferLength":0,"fixedBufferTypename":null},{"name":"m_Viewport","type":"UnityEngine.RectTransform","flags":{"value__":0},"fixedBufferLength":0,"fixedBufferTypename":null},{"name":"m_HorizontalScrollbar","type":"UnityEngine.UI.Scrollbar","flags":{"value__":0},"fixedBufferLength":0,"fixedBufferTypename":null},{"name":"m_VerticalScrollbar","type":"UnityEngine.UI.Scrollbar","flags":{"value__":0},"fixedBufferLength":0,"fixedBufferTypename":null},{"name":"m_HorizontalScrollbarVisibility","type":"UnityEngine.UI.ScrollRect+ScrollbarVisibility","flags":{"value__":0},"fixedBufferLength":0,"fixedBufferTypename":null},{"name":"m_VerticalScrollbarVisibility","type":"UnityEngine.UI.ScrollRect+ScrollbarVisibility","flags":{"value__":0},"fixedBufferLength":0,"fixedBufferTypename":null},{"name":"m_HorizontalScrollbarSpacing","type":"System.Single","flags":{"value__":0},"fixedBufferLength":0,"fixedBufferTypename":null},{"name":"m_VerticalScrollbarSpacing","type":"System.Single","flags":{"value__":0},"fixedBufferLength":0,"fixedBufferTypename":null},{"name":"m_OnValueChanged","type":"UnityEngine.UI.ScrollRect+ScrollRectEvent","flags":{"value__":0},"fixedBufferLength":0,"fixedBufferTypename":null}]},{"className":"UnityEngine.UI.ScrollRect+ScrollRectEvent","fieldInfos":[]},{"className":"UnityEngine.UI.Scrollbar","fieldInfos":[{"name":"m_HandleRect","type":"UnityEngine.RectTransform","flags":{"value__":0},"fixedBufferLength":0,"fixedBufferTypename":null},{"name":"m_Direction","type":"UnityEngine.UI.Scrollbar+Direction","flags":{"value__":0},"fixedBufferLength":0,"fixedBufferTypename":null},{"name":"m_Value","type":"System.Single","flags":{"value__":0},"fixedBufferLength":0,"fixedBufferTypename":null},{"name":"m_Size","type":"System.Single","flags":{"value__":0},"fixedBufferLength":0,"fixedBufferTypename":null},{"name":"m_NumberOfSteps","type":"System.Int32","flags":{"value__":0},"fixedBufferLength":0,"fixedBufferTypename":null},{"name":"m_OnValueChanged","type":"UnityEngine.UI.Scrollbar+ScrollEvent","flags":{"value__":0},"fixedBufferLength":0,"fixedBufferTypename":null}]},{"className":"UnityEngine.UI.Scrollbar+ScrollEvent","fieldInfos":[]},{"className":"UnityEngine.UI.Slider","fieldInfos":[{"name":"m_FillRect","type":"UnityEngine.RectTransform","flags":{"value__":0},"fixedBufferLength":0,"fixedBufferTypename":null},{"name":"m_HandleRect","type":"UnityEngine.RectTransform","flags":{"value__":0},"fixedBufferLength":0,"fixedBufferTypename":null},{"name":"m_Direction","type":"UnityEngine.UI.Slider+Direction","flags":{"value__":0},"fixedBufferLength":0,"fixedBufferTypename":null},{"name":"m_MinValue","type":"System.Single","flags":{"value__":0},"fixedBufferLength":0,"fixedBufferTypename":null},{"name":"m_MaxValue","type":"System.Single","flags":{"value__":0},"fixedBufferLength":0,"fixedBufferTypename":null},{"name":"m_WholeNumbers","type":"System.Boolean","flags":{"value__":0},"fixedBufferLength":0,"fixedBufferTypename":null},{"name":"m_Value","type":"System.Single","flags":{"value__":0},"fixedBufferLength":0,"fixedBufferTypename":null},{"name":"m_OnValueChanged","type":"UnityEngine.UI.Slider+SliderEvent","flags":{"value__":0},"fixedBufferLength":0,"fixedBufferTypename":null}]},{"className":"UnityEngine.UI.Slider+SliderEvent","fieldInfos":[]},{"className":"UnityEngine.UI.SpriteState","fieldInfos":[{"name":"m_HighlightedSprite","type":"UnityEngine.Sprite","flags":{"value__":0},"fixedBufferLength":0,"fixedBufferTypename":null},{"name":"m_PressedSprite","type":"UnityEngine.Sprite","flags":{"value__":0},"fixedBufferLength":0,"fixedBufferTypename":null},{"name":"m_SelectedSprite","type":"UnityEngine.Sprite","flags":{"value__":0},"fixedBufferLength":0,"fixedBufferTypename":null},{"name":"m_DisabledSprite","type":"UnityEngine.Sprite","flags":{"value__":0},"fixedBufferLength":0,"fixedBufferTypename":null}]},{"className":"UnityEngine.UI.Text","fieldInfos":[{"name":"m_FontData","type":"UnityEngine.UI.FontData","flags":{"value__":0},"fixedBufferLength":0,"fixedBufferTypename":null},{"name":"m_Text","type":"System.String","flags":{"value__":0},"fixedBufferLength":0,"fixedBufferTypename":null}]},{"className":"UnityEngine.UI.Toggle","fieldInfos":[{"name":"toggleTransition","type":"UnityEngine.UI.Toggle+ToggleTransition","flags":{"value__":0},"fixedBufferLength":0,"fixedBufferTypename":null},{"name":"graphic","type":"UnityEngine.UI.Graphic","flags":{"value__":0},"fixedBufferLength":0,"fixedBufferTypename":null},{"name":"m_Group","type":"UnityEngine.UI.ToggleGroup","flags":{"value__":0},"fixedBufferLength":0,"fixedBufferTypename":null},{"name":"onValueChanged","type":"UnityEngine.UI.Toggle+ToggleEvent","flags":{"value__":0},"fixedBufferLength":0,"fixedBufferTypename":null},{"name":"m_IsOn","type":"System.Boolean","flags":{"value__":0},"fixedBufferLength":0,"fixedBufferTypename":null}]},{"className":"UnityEngine.UI.Toggle+ToggleEvent","fieldInfos":[]},{"className":"UnityEngine.UI.ToggleGroup","fieldInfos":[{"name":"m_AllowSwitchOff","type":"System.Boolean","flags":{"value__":0},"fixedBufferLength":0,"fixedBufferTypename":null}]},{"className":"UnityEngine.UI.BaseMeshEffect","fieldInfos":[]},{"className":"UnityEngine.UI.Outline","fieldInfos":[]},{"className":"UnityEngine.UI.Shadow","fieldInfos":[{"name":"m_EffectColor","type":"UnityEngine.Color","flags":{"value__":0},"fixedBufferLength":0,"fixedBufferTypename":null},{"name":"m_EffectDistance","type":"UnityEngine.Vector2","flags":{"value__":0},"fixedBufferLength":0,"fixedBufferTypename":null},{"name":"m_UseGraphicAlpha","type":"System.Boolean","flags":{"value__":0},"fixedBufferLength":0,"fixedBufferTypename":null}]},{"className":"UnityEngine.UI.PositionAsUV1","fieldInfos":[]},{"className":"UnityEngine.EventSystems.EventSystem","fieldInfos":[{"name":"m_FirstSelected","type":"UnityEngine.GameObject","flags":{"value__":0},"fixedBufferLength":0,"fixedBufferTypename":null},{"name":"m_sendNavigationEvents","type":"System.Boolean","flags":{"value__":0},"fixedBufferLength":0,"fixedBufferTypename":null},{"name":"m_DragThreshold","type":"System.Int32","flags":{"value__":0},"fixedBufferLength":0,"fixedBufferTypename":null}]},{"className":"UnityEngine.EventSystems.EventTrigger","fieldInfos":[{"name":"m_Delegates","type":"System.Collections.Generic.List`1[UnityEngine.EventSystems.EventTrigger+Entry]","flags":{"value__":0},"fixedBufferLength":0,"fixedBufferTypename":null}]},{"className":"UnityEngine.EventSystems.EventTrigger+TriggerEvent","fieldInfos":[]},{"className":"UnityEngine.EventSystems.EventTrigger+Entry","fieldInfos":[{"name":"eventID","type":"UnityEngine.EventSystems.EventTriggerType","flags":{"value__":0},"fixedBufferLength":0,"fixedBufferTypename":null},{"name":"callback","type":"UnityEngine.EventSystems.EventTrigger+TriggerEvent","flags":{"value__":0},"fixedBufferLength":0,"fixedBufferTypename":null}]},{"className":"UnityEngine.EventSystems.BaseInput","fieldInfos":[]},{"className":"UnityEngine.EventSystems.BaseInputModule","fieldInfos":[]},{"className":"UnityEngine.EventSystems.PointerInputModule","fieldInfos":[]},{"className":"UnityEngine.EventSystems.StandaloneInputModule","fieldInfos":[{"name":"m_HorizontalAxis","type":"System.String","flags":{"value__":0},"fixedBufferLength":0,"fixedBufferTypename":null},{"name":"m_VerticalAxis","type":"System.String","flags":{"value__":0},"fixedBufferLength":0,"fixedBufferTypename":null},{"name":"m_SubmitButton","type":"System.String","flags":{"value__":0},"fixedBufferLength":0,"fixedBufferTypename":null},{"name":"m_CancelButton","type":"System.String","flags":{"value__":0},"fixedBufferLength":0,"fixedBufferTypename":null},{"name":"m_InputActionsPerSecond","type":"System.Single","flags":{"value__":0},"fixedBufferLength":0,"fixedBufferTypename":null},{"name":"m_RepeatDelay","type":"System.Single","flags":{"value__":0},"fixedBufferLength":0,"fixedBufferTypename":null},{"name":"m_ForceModuleActive","type":"System.Boolean","flags":{"value__":0},"fixedBufferLength":0,"fixedBufferTypename":null}]},{"className":"UnityEngine.EventSystems.TouchInputModule","fieldInfos":[{"name":"m_ForceModuleActive","type":"System.Boolean","flags":{"value__":0},"fixedBufferLength":0,"fixedBufferTypename":null}]},{"className":"UnityEngine.EventSystems.Physics2DRaycaster","fieldInfos":[]},{"className":"UnityEngine.EventSystems.PhysicsRaycaster","fieldInfos":[{"name":"m_EventMask","type":"UnityEngine.LayerMask","flags":{"value__":0},"fixedBufferLength":0,"fixedBufferTypename":null},{"name":"m_MaxRayIntersections","type":"System.Int32","flags":{"value__":0},"fixedBufferLength":0,"fixedBufferTypename":null}]}]},{"name":"nunit.framework","path":"D:\\Unity\\Projets\\Tank_IA_Top1\\Tank_IA_Top1\\Library\\PackageCache\\com.unity.ext.nunit@1.0.6\\net35\\unity-custom\\nunit.framework.dll","types":[{"className":"NUnit.Framework.ResultStateException","fieldInfos":[]},{"className":"NUnit.Framework.AssertionException","fieldInfos":[]},{"className":"NUnit.Framework.IgnoreException","fieldInfos":[]},{"className":"NUnit.Framework.InconclusiveException","fieldInfos":[]},{"className":"NUnit.Framework.SuccessException","fieldInfos":[]},{"className":"NUnit.Framework.Internal.InvalidDataSourceException","fieldInfos":[]},{"className":"NUnit.Framework.Internal.InvalidTestFixtureException","fieldInfos":[]},{"className":"NUnit.Framework.Internal.NUnitException","fieldInfos":[]},{"className":"NUnit.Framework.Internal.RuntimeFramework","fieldInfos":[]},{"className":"NUnit.Framework.Internal.TestFilter","fieldInfos":[]},{"className":"NUnit.Framework.Internal.TestFilter+EmptyFilter","fieldInfos":[]},{"className":"NUnit.Framework.Internal.Filters.PropertyFilter","fieldInfos":[]},{"className":"NUnit.Framework.Internal.Filters.ValueMatchFilter","fieldInfos":[]},{"className":"NUnit.Framework.Internal.Filters.TestNameFilter","fieldInfos":[]},{"className":"NUnit.Framework.Internal.Filters.ClassNameFilter","fieldInfos":[]},{"className":"NUnit.Framework.Internal.Filters.MethodNameFilter","fieldInfos":[]},{"className":"NUnit.Framework.Internal.Filters.IdFilter","fieldInfos":[]},{"className":"NUnit.Framework.Internal.Filters.AndFilter","fieldInfos":[]},{"className":"NUnit.Framework.Internal.Filters.CategoryFilter","fieldInfos":[]},{"className":"NUnit.Framework.Internal.Filters.NotFilter","fieldInfos":[]},{"className":"NUnit.Framework.Internal.Filters.OrFilter","fieldInfos":[]},{"className":"NUnit.Framework.Internal.Filters.FullNameFilter","fieldInfos":[]}]}]}
